{
  "project_info": {
    "project_number": "279279117157",
    "project_id": "indianprojectrestaurantapp",
    "storage_bucket": "indianprojectrestaurantapp.appspot.com"
  },
  "client": [
    {
      "client_info": {
        "mobilesdk_app_id": "1:279279117157:android:fefbe5ebbf13a70f00f78c",
        "android_client_info": {
          "package_name": "com.cs683.indianprojectrestaurantapp"
        }
      },
      "oauth_client": [],
      "api_key": [
        {
          "current_key": "AIzaSyDLKkgWIo0Mojj3PZrkJgFipDC53BrwUL8"
        }
      ],
      "services": {
        "appinvite_service": {
          "other_platform_oauth_client": []
        }
      }
    }
  ],
  "configuration_version": "1"
}