<?xml version="1.0" encoding="UTF-8"?>
<issues format="6" by="lint 8.1.2" type="baseline" client="gradle" dependencies="false" name="AGP (8.1.2)" variant="all" version="8.1.2">

    <issue
        id="OldTargetApi"
        message="Not targeting the latest versions of Android; compatibility modes apply. Consider testing and updating this version. Consult the android.os.Build.VERSION_CODES javadoc for details."
        errorLine1=""
        errorLine2="        ~~~~~~~~~~~~~~">
        <location
            file="build.gradle.kts"
            line="14"
            column="9"/>
    </issue>

    <issue
        id="SuspiciousIndentation"
        message="Suspicious indentation: This is indented but is not continuing the previous expression (`val itemPosition = a`...)"
        errorLine1="                        if (itemPosition != RecyclerView.NO_POSITION){"
        errorLine2="                        ~~~~~~~~~~~~~~~~~~~~~~~~~~~~~~~~~~~~~~~~~~~~~~">
        <location
            file="src/main/java/com/cs683/indianprojectrestaurantapp/adapter/CartAdapter.kt"
            line="43"
            column="25"/>
        <location
            file="src/main/java/com/cs683/indianprojectrestaurantapp/adapter/CartAdapter.kt"
            line="42"
            column="21"
            message="Previous statement here"/>
    </issue>

    <issue
        id="FragmentTagUsage"
        message="Replace the &lt;fragment> tag with FragmentContainerView."
        errorLine1="    &lt;fragment"
        errorLine2="     ~~~~~~~~">
        <location
            file="src/main/res/layout/activity_main.xml"
            line="41"
            column="6"/>
    </issue>

    <issue
        id="GradleDependency"
        message="A newer version of androidx.core:core-ktx than 1.9.0 is available: 1.12.0"
        errorLine1="}"
        errorLine2="                    ~~~~~~~~~~~~~~~~~~~~~~~~~~~~">
        <location
            file="build.gradle.kts"
            line="45"
            column="21"/>
    </issue>

    <issue
        id="GradleDependency"
        message="A newer version of com.google.android.material:material than 1.10.0 is available: 1.11.0"
        errorLine1="dependencies {"
        errorLine2="                    ~~~~~~~~~~~~~~~~~~~~~~~~~~~~~~~~~~~~~~~~~~~">
        <location
            file="build.gradle.kts"
            line="47"
            column="21"/>
    </issue>

    <issue
        id="GradleDependency"
        message="A newer version of androidx.navigation:navigation-fragment-ktx than 2.7.5 is available: 2.7.6"
        errorLine1="    implementation(&quot;androidx.core:core-ktx:1.9.0&quot;)"
        errorLine2="                    ~~~~~~~~~~~~~~~~~~~~~~~~~~~~~~~~~~~~~~~~~~~~~~~~~">
        <location
            file="build.gradle.kts"
            line="49"
            column="21"/>
    </issue>

    <issue
        id="GradleDependency"
        message="A newer version of androidx.navigation:navigation-ui-ktx than 2.7.5 is available: 2.7.6"
        errorLine1="    implementation(&quot;androidx.appcompat:appcompat:1.6.1&quot;)"
        errorLine2="                    ~~~~~~~~~~~~~~~~~~~~~~~~~~~~~~~~~~~~~~~~~~~">
        <location
            file="build.gradle.kts"
            line="50"
            column="21"/>
    </issue>

    <issue
        id="SpUsage"
        message="Should use &quot;`sp`&quot; instead of &quot;`dp`&quot; for text sizes"
        errorLine1="            android:textSize=&quot;20dp&quot;"
        errorLine2="            ~~~~~~~~~~~~~~~~~~~~~~~">
        <location
            file="src/main/res/layout/fragment_order_placed_bottom_sheet.xml"
            line="51"
            column="13"/>
    </issue>

    <issue
        id="NotifyDataSetChanged"
        message="It will always be more efficient to use more specific change events if you can. Rely on `notifyDataSetChanged` as a last resort."
        errorLine1="        adapter.notifyDataSetChanged()"
        errorLine2="        ~~~~~~~~~~~~~~~~~~~~~~~~~~~~~~">
        <location
            file="src/main/java/com/cs683/indianprojectrestaurantapp/fragment/HomeFragment.kt"
            line="57"
            column="9"/>
    </issue>

    <issue
        id="NotifyDataSetChanged"
        message="It will always be more efficient to use more specific change events if you can. Rely on `notifyDataSetChanged` as a last resort."
        errorLine1="        adapter.notifyDataSetChanged()"
        errorLine2="        ~~~~~~~~~~~~~~~~~~~~~~~~~~~~~~">
        <location
            file="src/main/java/com/cs683/indianprojectrestaurantapp/fragment/HomeFragment.kt"
            line="86"
            column="9"/>
    </issue>

    <issue
        id="Overdraw"
        message="Possible overdraw: Root element paints background `#F7F7F5` with a theme that also paints a background (inferred theme is `@style/Theme.IndianProjectRestaurantApp`)"
        errorLine1="    android:background=&quot;#F7F7F5&quot;"
        errorLine2="    ~~~~~~~~~~~~~~~~~~~~~~~~~~~~">
        <location
            file="src/main/res/layout/activity_login.xml"
            line="7"
            column="5"/>
    </issue>

    <issue
        id="Overdraw"
        message="Possible overdraw: Root element paints background `#F7F7F5` with a theme that also paints a background (inferred theme is `@style/Theme.IndianProjectRestaurantApp`)"
        errorLine1="    android:background=&quot;#F7F7F5&quot;"
        errorLine2="    ~~~~~~~~~~~~~~~~~~~~~~~~~~~~">
        <location
            file="src/main/res/layout/activity_main.xml"
            line="7"
            column="5"/>
    </issue>

    <issue
        id="Overdraw"
        message="Possible overdraw: Root element paints background `#F7F7F5` with a theme that also paints a background (inferred theme is `@style/Theme.IndianProjectRestaurantApp`)"
        errorLine1="    android:background=&quot;#F7F7F5&quot;"
        errorLine2="    ~~~~~~~~~~~~~~~~~~~~~~~~~~~~">
        <location
            file="src/main/res/layout/activity_signup.xml"
            line="7"
            column="5"/>
    </issue>

    <issue
        id="Overdraw"
        message="Possible overdraw: Root element paints background `#F7F7F5` with a theme that also paints a background (inferred theme is `@style/Theme.IndianProjectRestaurantApp`)"
        errorLine1="    android:background=&quot;#F7F7F5&quot;"
        errorLine2="    ~~~~~~~~~~~~~~~~~~~~~~~~~~~~">
        <location
            file="src/main/res/layout/activity_splash_screen.xml"
            line="7"
            column="5"/>
    </issue>

    <issue
        id="Overdraw"
        message="Possible overdraw: Root element paints background `#F7F7F5` with a theme that also paints a background (inferred theme is `@style/Theme.IndianProjectRestaurantApp`)"
        errorLine1="    android:background=&quot;#F7F7F5&quot;"
        errorLine2="    ~~~~~~~~~~~~~~~~~~~~~~~~~~~~">
        <location
            file="src/main/res/layout/fragment_cart.xml"
            line="7"
            column="5"/>
    </issue>

    <issue
        id="Overdraw"
        message="Possible overdraw: Root element paints background `#F7F7F5` with a theme that also paints a background (inferred theme is `@style/Theme.IndianProjectRestaurantApp`)"
        errorLine1="    android:background=&quot;#F7F7F5&quot;"
        errorLine2="    ~~~~~~~~~~~~~~~~~~~~~~~~~~~~">
        <location
            file="src/main/res/layout/fragment_history.xml"
            line="7"
            column="5"/>
    </issue>

    <issue
        id="Overdraw"
        message="Possible overdraw: Root element paints background `#F7F7F5` with a theme that also paints a background (inferred theme is `@style/Theme.IndianProjectRestaurantApp`)"
        errorLine1="    android:background=&quot;#F7F7F5&quot;"
        errorLine2="    ~~~~~~~~~~~~~~~~~~~~~~~~~~~~">
        <location
            file="src/main/res/layout/fragment_home.xml"
            line="7"
            column="5"/>
    </issue>

    <issue
        id="Overdraw"
        message="Possible overdraw: Root element paints background `#F7F7F5` with a theme that also paints a background (inferred theme is `@style/Theme.IndianProjectRestaurantApp`)"
        errorLine1="    android:background=&quot;#F7F7F5&quot;"
        errorLine2="    ~~~~~~~~~~~~~~~~~~~~~~~~~~~~">
        <location
            file="src/main/res/layout/fragment_profile.xml"
            line="8"
            column="5"/>
    </issue>

    <issue
        id="UnusedResources"
        message="The resource `R.drawable.baseline_arrow_back_ios_24` appears to be unused"
        errorLine1="&lt;vector android:autoMirrored=&quot;true&quot; android:height=&quot;24dp&quot;"
        errorLine2="^">
        <location
            file="src/main/res/drawable/baseline_arrow_back_ios_24.xml"
            line="1"
            column="1"/>
    </issue>

    <issue
        id="UnusedResources"
        message="The resource `R.drawable.baseline_google_logo` appears to be unused"
        errorLine1="&lt;vector android:height=&quot;24dp&quot; android:tint=&quot;#000000&quot;"
        errorLine2="^">
        <location
            file="src/main/res/drawable/baseline_google_logo.xml"
            line="1"
            column="1"/>
    </issue>

    <issue
        id="UnusedResources"
        message="The resource `R.drawable.baseline_keyboard_arrow_down_24` appears to be unused"
        errorLine1="&lt;vector android:height=&quot;24dp&quot; android:tint=&quot;#000000&quot;"
        errorLine2="^">
        <location
            file="src/main/res/drawable/baseline_keyboard_arrow_down_24.xml"
            line="1"
            column="1"/>
    </issue>

    <issue
        id="UnusedResources"
        message="The resource `R.drawable.chicken_salad` appears to be unused">
        <location
            file="src/main/res/drawable/chicken_salad.jpg"/>
    </issue>

    <issue
        id="UnusedResources"
        message="The resource `R.drawable.chops` appears to be unused">
        <location
            file="src/main/res/drawable/chops.jpg"/>
    </issue>

    <issue
        id="UnusedResources"
        message="The resource `R.color.off_white` appears to be unused"
        errorLine1="    &lt;color name=&quot;off_white&quot;>#F7F7F5&lt;/color>"
        errorLine2="           ~~~~~~~~~~~~~~~~">
        <location
            file="src/main/res/values/colors.xml"
            line="5"
            column="12"/>
    </issue>

    <issue
        id="UnusedResources"
        message="The resource `R.drawable.frites` appears to be unused">
        <location
            file="src/main/res/drawable/frites.jpg"/>
    </issue>

    <issue
        id="UnusedResources"
        message="The resource `R.drawable.gulab_jamun` appears to be unused">
        <location
            file="src/main/res/drawable/gulab_jamun.jpg"/>
    </issue>

    <issue
        id="UnusedResources"
        message="The resource `R.drawable.kebab` appears to be unused">
        <location
            file="src/main/res/drawable/kebab.jpg"/>
    </issue>

    <issue
        id="UnusedResources"
        message="The resource `R.drawable.kheer` appears to be unused">
        <location
            file="src/main/res/drawable/kheer.jpg"/>
    </issue>

    <issue
        id="UnusedResources"
        message="The resource `R.drawable.kulcha` appears to be unused">
        <location
            file="src/main/res/drawable/kulcha.jpg"/>
    </issue>

    <issue
        id="UnusedResources"
        message="The resource `R.drawable.lamb_biriyani` appears to be unused">
        <location
            file="src/main/res/drawable/lamb_biriyani.jpg"/>
    </issue>

    <issue
        id="UnusedResources"
        message="The resource `R.drawable.lamb_korma` appears to be unused">
        <location
            file="src/main/res/drawable/lamb_korma.jpg"/>
    </issue>

    <issue
        id="UnusedResources"
        message="The resource `R.drawable.naan` appears to be unused">
        <location
            file="src/main/res/drawable/naan.jpg"/>
    </issue>

    <issue
        id="UnusedResources"
        message="The resource `R.drawable.paneer` appears to be unused">
        <location
            file="src/main/res/drawable/paneer.jpg"/>
    </issue>

    <issue
        id="UnusedResources"
        message="The resource `R.drawable.rasmalai` appears to be unused">
        <location
            file="src/main/res/drawable/rasmalai.jpg"/>
    </issue>

    <issue
        id="UnusedResources"
        message="The resource `R.drawable.rice` appears to be unused">
        <location
            file="src/main/res/drawable/rice.jpg"/>
    </issue>

    <issue
        id="UnusedResources"
        message="The resource `R.drawable.roti` appears to be unused">
        <location
            file="src/main/res/drawable/roti.jpg"/>
    </issue>

    <issue
        id="UnusedResources"
        message="The resource `R.drawable.salad` appears to be unused">
        <location
            file="src/main/res/drawable/salad.jpg"/>
    </issue>

    <issue
        id="UnusedResources"
        message="The resource `R.drawable.sesame_chicken` appears to be unused">
        <location
            file="src/main/res/drawable/sesame_chicken.jpg"/>
    </issue>

    <issue
        id="UnusedResources"
        message="The resource `R.string.app_name` appears to be unused"
        errorLine1="    &lt;string name=&quot;app_name&quot;>IndianProjectRestaurantApp&lt;/string>"
        errorLine2="            ~~~~~~~~~~~~~~~">
        <location
            file="src/main/res/values/strings.xml"
            line="2"
            column="13"/>
    </issue>

    <issue
        id="UnusedResources"
        message="The resource `R.drawable.tandoori` appears to be unused">
        <location
            file="src/main/res/drawable/tandoori.jpg"/>
    </issue>

    <issue
        id="UnusedResources"
        message="The resource `R.drawable.tandoori_platter` appears to be unused">
        <location
            file="src/main/res/drawable/tandoori_platter.jpg"/>
    </issue>

    <issue
        id="UselessParent"
        message="This `LinearLayout` layout or its `FrameLayout` parent is unnecessary"
        errorLine1="    &lt;LinearLayout"
        errorLine2="     ~~~~~~~~~~~~">
        <location
            file="src/main/res/layout/fragment_order_placed_bottom_sheet.xml"
            line="10"
            column="6"/>
    </issue>

    <issue
        id="IconLocation"
        message="Found bitmap drawable `res/drawable/chicken_biriyani.jpg` in densityless folder">
        <location
            file="src/main/res/drawable/chicken_biriyani.jpg"/>
    </issue>

    <issue
        id="IconLocation"
        message="Found bitmap drawable `res/drawable/chicken_salad.jpg` in densityless folder">
        <location
            file="src/main/res/drawable/chicken_salad.jpg"/>
    </issue>

    <issue
        id="IconLocation"
        message="Found bitmap drawable `res/drawable/chicken_tikka.jpg` in densityless folder">
        <location
            file="src/main/res/drawable/chicken_tikka.jpg"/>
    </issue>

    <issue
        id="IconLocation"
        message="Found bitmap drawable `res/drawable/chops.jpg` in densityless folder">
        <location
            file="src/main/res/drawable/chops.jpg"/>
    </issue>

    <issue
        id="IconLocation"
        message="Found bitmap drawable `res/drawable/dal.jpg` in densityless folder">
        <location
            file="src/main/res/drawable/dal.jpg"/>
    </issue>

    <issue
        id="IconLocation"
        message="Found bitmap drawable `res/drawable/fish_curry.jpg` in densityless folder">
        <location
            file="src/main/res/drawable/fish_curry.jpg"/>
    </issue>

    <issue
        id="IconLocation"
        message="Found bitmap drawable `res/drawable/frites.jpg` in densityless folder">
        <location
            file="src/main/res/drawable/frites.jpg"/>
    </issue>

    <issue
        id="IconLocation"
        message="Found bitmap drawable `res/drawable/gulab_jamun.jpg` in densityless folder">
        <location
            file="src/main/res/drawable/gulab_jamun.jpg"/>
    </issue>

    <issue
        id="IconLocation"
        message="Found bitmap drawable `res/drawable/kebab.jpg` in densityless folder">
        <location
            file="src/main/res/drawable/kebab.jpg"/>
    </issue>

    <issue
        id="IconLocation"
        message="Found bitmap drawable `res/drawable/kheer.jpg` in densityless folder">
        <location
            file="src/main/res/drawable/kheer.jpg"/>
    </issue>

    <issue
        id="IconLocation"
        message="Found bitmap drawable `res/drawable/kulcha.jpg` in densityless folder">
        <location
            file="src/main/res/drawable/kulcha.jpg"/>
    </issue>

    <issue
        id="IconLocation"
        message="Found bitmap drawable `res/drawable/lamb_biriyani.jpg` in densityless folder">
        <location
            file="src/main/res/drawable/lamb_biriyani.jpg"/>
    </issue>

    <issue
        id="IconLocation"
        message="Found bitmap drawable `res/drawable/lamb_korma.jpg` in densityless folder">
        <location
            file="src/main/res/drawable/lamb_korma.jpg"/>
    </issue>

    <issue
        id="IconLocation"
        message="Found bitmap drawable `res/drawable/logo.jpg` in densityless folder">
        <location
            file="src/main/res/drawable/logo.jpg"/>
    </issue>

    <issue
        id="IconLocation"
        message="Found bitmap drawable `res/drawable/naan.jpg` in densityless folder">
        <location
            file="src/main/res/drawable/naan.jpg"/>
    </issue>

    <issue
        id="IconLocation"
        message="Found bitmap drawable `res/drawable/paneer.jpg` in densityless folder">
        <location
            file="src/main/res/drawable/paneer.jpg"/>
    </issue>

    <issue
        id="IconLocation"
        message="Found bitmap drawable `res/drawable/paypal.png` in densityless folder">
        <location
            file="src/main/res/drawable/paypal.png"/>
    </issue>

    <issue
        id="IconLocation"
        message="Found bitmap drawable `res/drawable/rasmalai.jpg` in densityless folder">
        <location
            file="src/main/res/drawable/rasmalai.jpg"/>
    </issue>

    <issue
        id="IconLocation"
        message="Found bitmap drawable `res/drawable/rice.jpg` in densityless folder">
        <location
            file="src/main/res/drawable/rice.jpg"/>
    </issue>

    <issue
        id="IconLocation"
        message="Found bitmap drawable `res/drawable/roti.jpg` in densityless folder">
        <location
            file="src/main/res/drawable/roti.jpg"/>
    </issue>

    <issue
        id="IconLocation"
        message="Found bitmap drawable `res/drawable/salad.jpg` in densityless folder">
        <location
            file="src/main/res/drawable/salad.jpg"/>
    </issue>

    <issue
        id="IconLocation"
        message="Found bitmap drawable `res/drawable/sesame_chicken.jpg` in densityless folder">
        <location
            file="src/main/res/drawable/sesame_chicken.jpg"/>
    </issue>

    <issue
        id="IconLocation"
        message="Found bitmap drawable `res/drawable/tandoori.jpg` in densityless folder">
        <location
            file="src/main/res/drawable/tandoori.jpg"/>
    </issue>

    <issue
        id="IconLocation"
        message="Found bitmap drawable `res/drawable/tandoori_platter.jpg` in densityless folder">
        <location
            file="src/main/res/drawable/tandoori_platter.jpg"/>
    </issue>

    <issue
        id="Autofill"
        message="Missing `autofillHints` attribute"
        errorLine1="    &lt;EditText"
        errorLine2="     ~~~~~~~~">
        <location
            file="src/main/res/layout/activity_login.xml"
            line="43"
            column="6"/>
    </issue>

    <issue
        id="Autofill"
        message="Missing `autofillHints` attribute"
        errorLine1="    &lt;EditText"
        errorLine2="     ~~~~~~~~">
        <location
            file="src/main/res/layout/activity_login.xml"
            line="56"
            column="6"/>
    </issue>

    <issue
        id="Autofill"
        message="Missing `autofillHints` attribute"
        errorLine1="        &lt;EditText"
        errorLine2="         ~~~~~~~~">
        <location
            file="src/main/res/layout/activity_pay_out.xml"
            line="50"
            column="10"/>
    </issue>

    <issue
        id="Autofill"
        message="Missing `autofillHints` attribute"
        errorLine1="        &lt;EditText"
        errorLine2="         ~~~~~~~~">
        <location
            file="src/main/res/layout/activity_pay_out.xml"
            line="84"
            column="10"/>
    </issue>

    <issue
        id="Autofill"
        message="Missing `autofillHints` attribute"
        errorLine1="            &lt;EditText"
        errorLine2="             ~~~~~~~~">
        <location
            file="src/main/res/layout/activity_pay_out.xml"
            line="118"
            column="14"/>
    </issue>

    <issue
        id="Autofill"
        message="Missing `autofillHints` attribute"
        errorLine1="    &lt;EditText"
        errorLine2="     ~~~~~~~~">
        <location
            file="src/main/res/layout/activity_signup.xml"
            line="43"
            column="6"/>
    </issue>

    <issue
        id="Autofill"
        message="Missing `autofillHints` attribute"
        errorLine1="    &lt;EditText"
        errorLine2="     ~~~~~~~~">
        <location
            file="src/main/res/layout/activity_signup.xml"
            line="56"
            column="6"/>
    </issue>

    <issue
        id="Autofill"
        message="Missing `autofillHints` attribute"
        errorLine1="    &lt;EditText"
        errorLine2="     ~~~~~~~~">
        <location
            file="src/main/res/layout/activity_signup.xml"
            line="69"
            column="6"/>
    </issue>

    <issue
        id="Autofill"
        message="Missing `autofillHints` attribute"
        errorLine1="        &lt;EditText"
        errorLine2="         ~~~~~~~~">
        <location
            file="src/main/res/layout/fragment_profile.xml"
            line="37"
            column="10"/>
    </issue>

    <issue
        id="Autofill"
        message="Missing `autofillHints` attribute"
        errorLine1="        &lt;EditText"
        errorLine2="         ~~~~~~~~">
        <location
            file="src/main/res/layout/fragment_profile.xml"
            line="75"
            column="10"/>
    </issue>

    <issue
        id="Autofill"
        message="Missing `autofillHints` attribute"
        errorLine1="        &lt;EditText"
        errorLine2="         ~~~~~~~~">
        <location
            file="src/main/res/layout/fragment_profile.xml"
            line="113"
            column="10"/>
    </issue>

    <issue
        id="Autofill"
        message="Missing `autofillHints` attribute"
        errorLine1="        &lt;EditText"
        errorLine2="         ~~~~~~~~">
        <location
            file="src/main/res/layout/fragment_profile.xml"
            line="151"
            column="10"/>
    </issue>

    <issue
        id="ContentDescription"
        message="Missing `contentDescription` attribute on image"
        errorLine1="    &lt;ImageView"
        errorLine2="     ~~~~~~~~~">
        <location
            file="src/main/res/layout/activity_login.xml"
            line="10"
            column="6"/>
    </issue>

    <issue
        id="ContentDescription"
        message="Missing `contentDescription` attribute on image"
        errorLine1="    &lt;ImageView"
        errorLine2="     ~~~~~~~~~">
        <location
            file="src/main/res/layout/activity_main.xml"
            line="32"
            column="6"/>
    </issue>

    <issue
        id="ContentDescription"
        message="Missing `contentDescription` attribute on image"
        errorLine1="        &lt;ImageView"
        errorLine2="         ~~~~~~~~~">
        <location
            file="src/main/res/layout/activity_pay_out.xml"
            line="190"
            column="10"/>
    </issue>

    <issue
        id="ContentDescription"
        message="Missing `contentDescription` attribute on image"
        errorLine1="    &lt;ImageView"
        errorLine2="     ~~~~~~~~~">
        <location
            file="src/main/res/layout/activity_signup.xml"
            line="10"
            column="6"/>
    </issue>

    <issue
        id="ContentDescription"
        message="Missing `contentDescription` attribute on image"
        errorLine1="            &lt;ImageView"
        errorLine2="             ~~~~~~~~~">
        <location
            file="src/main/res/layout/cart_item.xml"
            line="27"
            column="14"/>
    </issue>

    <issue
        id="ContentDescription"
        message="Missing `contentDescription` attribute on image"
        errorLine1="            &lt;ImageButton"
        errorLine2="             ~~~~~~~~~~~">
        <location
            file="src/main/res/layout/cart_item.xml"
            line="59"
            column="14"/>
    </issue>

    <issue
        id="ContentDescription"
        message="Missing `contentDescription` attribute on image"
        errorLine1="            &lt;ImageButton"
        errorLine2="             ~~~~~~~~~~~">
        <location
            file="src/main/res/layout/cart_item.xml"
            line="82"
            column="14"/>
    </issue>

    <issue
        id="ContentDescription"
        message="Missing `contentDescription` attribute on image"
        errorLine1="            &lt;ImageView"
        errorLine2="             ~~~~~~~~~">
        <location
            file="src/main/res/layout/cart_item.xml"
            line="94"
            column="14"/>
    </issue>

    <issue
        id="ContentDescription"
        message="Missing `contentDescription` attribute on image"
        errorLine1="        &lt;ImageView"
        errorLine2="         ~~~~~~~~~">
        <location
            file="src/main/res/layout/fragment_order_placed_bottom_sheet.xml"
            line="24"
            column="10"/>
    </issue>

    <issue
        id="ContentDescription"
        message="Missing `contentDescription` attribute on image"
        errorLine1="            &lt;ImageView"
        errorLine2="             ~~~~~~~~~">
        <location
            file="src/main/res/layout/menu_items.xml"
            line="25"
            column="14"/>
    </issue>

    <issue
        id="ContentDescription"
        message="Missing `contentDescription` attribute on image"
        errorLine1="            &lt;ImageView"
        errorLine2="             ~~~~~~~~~">
        <location
            file="src/main/res/layout/purchase_history_item.xml"
            line="22"
            column="14"/>
    </issue>

    <issue
        id="LabelFor"
        message="Missing accessibility label: provide either a view with an `android:labelFor` that references this view or provide an `android:hint`"
        errorLine1="        &lt;EditText"
        errorLine2="         ~~~~~~~~">
        <location
            file="src/main/res/layout/activity_pay_out.xml"
            line="50"
            column="10"/>
    </issue>

    <issue
        id="LabelFor"
        message="Missing accessibility label: provide either a view with an `android:labelFor` that references this view or provide an `android:hint`"
        errorLine1="        &lt;EditText"
        errorLine2="         ~~~~~~~~">
        <location
            file="src/main/res/layout/activity_pay_out.xml"
            line="84"
            column="10"/>
    </issue>

    <issue
        id="LabelFor"
        message="Missing accessibility label: provide either a view with an `android:labelFor` that references this view or provide an `android:hint`"
        errorLine1="            &lt;EditText"
        errorLine2="             ~~~~~~~~">
        <location
            file="src/main/res/layout/activity_pay_out.xml"
            line="118"
            column="14"/>
    </issue>

    <issue
        id="LabelFor"
        message="Missing accessibility label: provide either a view with an `android:labelFor` that references this view or provide an `android:hint`"
        errorLine1="        &lt;EditText"
        errorLine2="         ~~~~~~~~">
        <location
            file="src/main/res/layout/fragment_profile.xml"
            line="37"
            column="10"/>
    </issue>

    <issue
        id="LabelFor"
        message="Missing accessibility label: provide either a view with an `android:labelFor` that references this view or provide an `android:hint`"
        errorLine1="        &lt;EditText"
        errorLine2="         ~~~~~~~~">
        <location
            file="src/main/res/layout/fragment_profile.xml"
            line="75"
            column="10"/>
    </issue>

    <issue
        id="LabelFor"
        message="Missing accessibility label: provide either a view with an `android:labelFor` that references this view or provide an `android:hint`"
        errorLine1="        &lt;EditText"
        errorLine2="         ~~~~~~~~">
        <location
            file="src/main/res/layout/fragment_profile.xml"
            line="113"
            column="10"/>
    </issue>

    <issue
        id="LabelFor"
        message="Missing accessibility label: provide either a view with an `android:labelFor` that references this view or provide an `android:hint`"
        errorLine1="        &lt;EditText"
        errorLine2="         ~~~~~~~~">
        <location
            file="src/main/res/layout/fragment_profile.xml"
            line="151"
            column="10"/>
    </issue>

    <issue
        id="HardcodedText"
        message="Hardcoded string &quot;INDIAN PROJECT&quot;, should use `@string` resource"
        errorLine1="        android:text=&quot;INDIAN PROJECT&quot;"
        errorLine2="        ~~~~~~~~~~~~~~~~~~~~~~~~~~~~~">
        <location
            file="src/main/res/layout/activity_login.xml"
            line="25"
            column="9"/>
    </issue>

    <issue
        id="HardcodedText"
        message="Hardcoded string &quot;LOGIN&quot;, should use `@string` resource"
        errorLine1="        android:text=&quot;LOGIN&quot;"
        errorLine2="        ~~~~~~~~~~~~~~~~~~~~">
        <location
            file="src/main/res/layout/activity_login.xml"
            line="37"
            column="9"/>
    </issue>

    <issue
        id="HardcodedText"
        message="Hardcoded string &quot;Email&quot;, should use `@string` resource"
        errorLine1="        android:hint=&quot;Email&quot;"
        errorLine2="        ~~~~~~~~~~~~~~~~~~~~">
        <location
            file="src/main/res/layout/activity_login.xml"
            line="50"
            column="9"/>
    </issue>

    <issue
        id="HardcodedText"
        message="Hardcoded string &quot;Password&quot;, should use `@string` resource"
        errorLine1="        android:hint=&quot;Password&quot;"
        errorLine2="        ~~~~~~~~~~~~~~~~~~~~~~~">
        <location
            file="src/main/res/layout/activity_login.xml"
            line="63"
            column="9"/>
    </issue>

    <issue
        id="HardcodedText"
        message="Hardcoded string &quot;OR&quot;, should use `@string` resource"
        errorLine1="        android:text=&quot;OR&quot;"
        errorLine2="        ~~~~~~~~~~~~~~~~~">
        <location
            file="src/main/res/layout/activity_login.xml"
            line="75"
            column="9"/>
    </issue>

    <issue
        id="HardcodedText"
        message="Hardcoded string &quot;continue with&quot;, should use `@string` resource"
        errorLine1="        android:text=&quot;continue with&quot;"
        errorLine2="        ~~~~~~~~~~~~~~~~~~~~~~~~~~~~">
        <location
            file="src/main/res/layout/activity_login.xml"
            line="86"
            column="9"/>
    </issue>

    <issue
        id="HardcodedText"
        message="Hardcoded string &quot;Google&quot;, should use `@string` resource"
        errorLine1="        android:text=&quot;Google&quot;"
        errorLine2="        ~~~~~~~~~~~~~~~~~~~~~">
        <location
            file="src/main/res/layout/activity_login.xml"
            line="100"
            column="9"/>
    </issue>

    <issue
        id="HardcodedText"
        message="Hardcoded string &quot;Login&quot;, should use `@string` resource"
        errorLine1="        android:text=&quot;Login&quot;"
        errorLine2="        ~~~~~~~~~~~~~~~~~~~~">
        <location
            file="src/main/res/layout/activity_login.xml"
            line="114"
            column="9"/>
    </issue>

    <issue
        id="HardcodedText"
        message="Hardcoded string &quot;Don&apos;t Have Account?&quot;, should use `@string` resource"
        errorLine1="        android:text=&quot;Don&apos;t Have Account?&quot;"
        errorLine2="        ~~~~~~~~~~~~~~~~~~~~~~~~~~~~~~~~~~">
        <location
            file="src/main/res/layout/activity_login.xml"
            line="126"
            column="9"/>
    </issue>

    <issue
        id="HardcodedText"
        message="Hardcoded string &quot;INDIAN PROJECT&quot;, should use `@string` resource"
        errorLine1="        android:text=&quot;INDIAN PROJECT&quot;"
        errorLine2="        ~~~~~~~~~~~~~~~~~~~~~~~~~~~~~">
        <location
            file="src/main/res/layout/activity_main.xml"
            line="27"
            column="9"/>
    </issue>

    <issue
        id="HardcodedText"
        message="Hardcoded string &quot;EDIT&quot;, should use `@string` resource"
        errorLine1="        android:text=&quot;EDIT&quot;"
        errorLine2="        ~~~~~~~~~~~~~~~~~~~">
        <location
            file="src/main/res/layout/activity_pay_out.xml"
            line="21"
            column="9"/>
    </issue>

    <issue
        id="HardcodedText"
        message="Hardcoded string &quot;Name&quot;, should use `@string` resource"
        errorLine1="            android:text=&quot;Name&quot;"
        errorLine2="            ~~~~~~~~~~~~~~~~~~~">
        <location
            file="src/main/res/layout/activity_pay_out.xml"
            line="47"
            column="13"/>
    </issue>

    <issue
        id="HardcodedText"
        message="Hardcoded string &quot;Natasha Machado&quot;, should use `@string` resource"
        errorLine1="            android:text=&quot;Natasha Machado&quot;"
        errorLine2="            ~~~~~~~~~~~~~~~~~~~~~~~~~~~~~~">
        <location
            file="src/main/res/layout/activity_pay_out.xml"
            line="58"
            column="13"/>
    </issue>

    <issue
        id="HardcodedText"
        message="Hardcoded string &quot;Address&quot;, should use `@string` resource"
        errorLine1="            android:text=&quot;Address&quot;"
        errorLine2="            ~~~~~~~~~~~~~~~~~~~~~~">
        <location
            file="src/main/res/layout/activity_pay_out.xml"
            line="81"
            column="13"/>
    </issue>

    <issue
        id="HardcodedText"
        message="Hardcoded string &quot;277 Corey Rd&quot;, should use `@string` resource"
        errorLine1="            android:text=&quot;277 Corey Rd&quot;"
        errorLine2="            ~~~~~~~~~~~~~~~~~~~~~~~~~~~">
        <location
            file="src/main/res/layout/activity_pay_out.xml"
            line="92"
            column="13"/>
    </issue>

    <issue
        id="HardcodedText"
        message="Hardcoded string &quot;Phone&quot;, should use `@string` resource"
        errorLine1="                android:text=&quot;Phone&quot;"
        errorLine2="                ~~~~~~~~~~~~~~~~~~~~">
        <location
            file="src/main/res/layout/activity_pay_out.xml"
            line="115"
            column="17"/>
    </issue>

    <issue
        id="HardcodedText"
        message="Hardcoded string &quot;123456987&quot;, should use `@string` resource"
        errorLine1="                android:text=&quot;123456987&quot;"
        errorLine2="                ~~~~~~~~~~~~~~~~~~~~~~~~">
        <location
            file="src/main/res/layout/activity_pay_out.xml"
            line="126"
            column="17"/>
    </issue>

    <issue
        id="HardcodedText"
        message="Hardcoded string &quot;Total&quot;, should use `@string` resource"
        errorLine1="            android:text=&quot;Total&quot;"
        errorLine2="            ~~~~~~~~~~~~~~~~~~~~">
        <location
            file="src/main/res/layout/activity_pay_out.xml"
            line="149"
            column="13"/>
    </issue>

    <issue
        id="HardcodedText"
        message="Hardcoded string &quot;$35&quot;, should use `@string` resource"
        errorLine1="            android:text=&quot;$35&quot;"
        errorLine2="            ~~~~~~~~~~~~~~~~~~">
        <location
            file="src/main/res/layout/activity_pay_out.xml"
            line="162"
            column="13"/>
    </issue>

    <issue
        id="HardcodedText"
        message="Hardcoded string &quot;Payment Method&quot;, should use `@string` resource"
        errorLine1="            android:text=&quot;Payment Method&quot;"
        errorLine2="            ~~~~~~~~~~~~~~~~~~~~~~~~~~~~~">
        <location
            file="src/main/res/layout/activity_pay_out.xml"
            line="187"
            column="13"/>
    </issue>

    <issue
        id="HardcodedText"
        message="Hardcoded string &quot;PLACE ORDER&quot;, should use `@string` resource"
        errorLine1="        android:text=&quot;PLACE ORDER&quot;"
        errorLine2="        ~~~~~~~~~~~~~~~~~~~~~~~~~~">
        <location
            file="src/main/res/layout/activity_pay_out.xml"
            line="204"
            column="9"/>
    </issue>

    <issue
        id="HardcodedText"
        message="Hardcoded string &quot;INDIAN PROJECT&quot;, should use `@string` resource"
        errorLine1="        android:text=&quot;INDIAN PROJECT&quot;"
        errorLine2="        ~~~~~~~~~~~~~~~~~~~~~~~~~~~~~">
        <location
            file="src/main/res/layout/activity_signup.xml"
            line="25"
            column="9"/>
    </issue>

    <issue
        id="HardcodedText"
        message="Hardcoded string &quot;SIGN UP&quot;, should use `@string` resource"
        errorLine1="        android:text=&quot;SIGN UP&quot;"
        errorLine2="        ~~~~~~~~~~~~~~~~~~~~~~">
        <location
            file="src/main/res/layout/activity_signup.xml"
            line="37"
            column="9"/>
    </issue>

    <issue
        id="HardcodedText"
        message="Hardcoded string &quot;Name&quot;, should use `@string` resource"
        errorLine1="        android:hint=&quot;Name&quot;"
        errorLine2="        ~~~~~~~~~~~~~~~~~~~">
        <location
            file="src/main/res/layout/activity_signup.xml"
            line="50"
            column="9"/>
    </issue>

    <issue
        id="HardcodedText"
        message="Hardcoded string &quot;Email&quot;, should use `@string` resource"
        errorLine1="        android:hint=&quot;Email&quot;"
        errorLine2="        ~~~~~~~~~~~~~~~~~~~~">
        <location
            file="src/main/res/layout/activity_signup.xml"
            line="63"
            column="9"/>
    </issue>

    <issue
        id="HardcodedText"
        message="Hardcoded string &quot;Password&quot;, should use `@string` resource"
        errorLine1="        android:hint=&quot;Password&quot;"
        errorLine2="        ~~~~~~~~~~~~~~~~~~~~~~~">
        <location
            file="src/main/res/layout/activity_signup.xml"
            line="76"
            column="9"/>
    </issue>

    <issue
        id="HardcodedText"
        message="Hardcoded string &quot;OR&quot;, should use `@string` resource"
        errorLine1="        android:text=&quot;OR&quot;"
        errorLine2="        ~~~~~~~~~~~~~~~~~">
        <location
            file="src/main/res/layout/activity_signup.xml"
            line="88"
            column="9"/>
    </issue>

    <issue
        id="HardcodedText"
        message="Hardcoded string &quot;Sign Up With&quot;, should use `@string` resource"
        errorLine1="        android:text=&quot;Sign Up With&quot;"
        errorLine2="        ~~~~~~~~~~~~~~~~~~~~~~~~~~~">
        <location
            file="src/main/res/layout/activity_signup.xml"
            line="99"
            column="9"/>
    </issue>

    <issue
        id="HardcodedText"
        message="Hardcoded string &quot;Google&quot;, should use `@string` resource"
        errorLine1="        android:text=&quot;Google&quot;"
        errorLine2="        ~~~~~~~~~~~~~~~~~~~~~">
        <location
            file="src/main/res/layout/activity_signup.xml"
            line="113"
            column="9"/>
    </issue>

    <issue
        id="HardcodedText"
        message="Hardcoded string &quot;Create Account&quot;, should use `@string` resource"
        errorLine1="        android:text=&quot;Create Account&quot;"
        errorLine2="        ~~~~~~~~~~~~~~~~~~~~~~~~~~~~~">
        <location
            file="src/main/res/layout/activity_signup.xml"
            line="127"
            column="9"/>
    </issue>

    <issue
        id="HardcodedText"
        message="Hardcoded string &quot;Already Have An Account?&quot;, should use `@string` resource"
        errorLine1="        android:text=&quot;Already Have An Account?&quot;"
        errorLine2="        ~~~~~~~~~~~~~~~~~~~~~~~~~~~~~~~~~~~~~~~">
        <location
            file="src/main/res/layout/activity_signup.xml"
            line="139"
            column="9"/>
    </issue>

    <issue
        id="HardcodedText"
        message="Hardcoded string &quot;NEW YORK&quot;, should use `@string` resource"
        errorLine1="        android:text=&quot;NEW YORK&quot;"
        errorLine2="        ~~~~~~~~~~~~~~~~~~~~~~~">
        <location
            file="src/main/res/layout/activity_splash_screen.xml"
            line="41"
            column="9"/>
    </issue>

    <issue
        id="HardcodedText"
        message="Hardcoded string &quot;TextView&quot;, should use `@string` resource"
        errorLine1="                android:text=&quot;TextView&quot;"
        errorLine2="                ~~~~~~~~~~~~~~~~~~~~~~~">
        <location
            file="src/main/res/layout/cart_item.xml"
            line="43"
            column="17"/>
    </issue>

    <issue
        id="HardcodedText"
        message="Hardcoded string &quot;TextView&quot;, should use `@string` resource"
        errorLine1="                android:text=&quot;TextView&quot;"
        errorLine2="                ~~~~~~~~~~~~~~~~~~~~~~~">
        <location
            file="src/main/res/layout/cart_item.xml"
            line="54"
            column="17"/>
    </issue>

    <issue
        id="HardcodedText"
        message="Hardcoded string &quot;1&quot;, should use `@string` resource"
        errorLine1="                android:text=&quot;1&quot;"
        errorLine2="                ~~~~~~~~~~~~~~~~">
        <location
            file="src/main/res/layout/cart_item.xml"
            line="77"
            column="17"/>
    </issue>

    <issue
        id="HardcodedText"
        message="Hardcoded string &quot;CART&quot;, should use `@string` resource"
        errorLine1="        android:text=&quot;CART&quot;"
        errorLine2="        ~~~~~~~~~~~~~~~~~~~">
        <location
            file="src/main/res/layout/fragment_cart.xml"
            line="17"
            column="9"/>
    </issue>

    <issue
        id="HardcodedText"
        message="Hardcoded string &quot;PROCEED&quot;, should use `@string` resource"
        errorLine1="        android:text=&quot;PROCEED&quot;"
        errorLine2="        ~~~~~~~~~~~~~~~~~~~~~~">
        <location
            file="src/main/res/layout/fragment_cart.xml"
            line="42"
            column="9"/>
    </issue>

    <issue
        id="HardcodedText"
        message="Hardcoded string &quot;ORDERS&quot;, should use `@string` resource"
        errorLine1="        android:text=&quot;ORDERS&quot;"
        errorLine2="        ~~~~~~~~~~~~~~~~~~~~~">
        <location
            file="src/main/res/layout/fragment_history.xml"
            line="16"
            column="9"/>
    </issue>

    <issue
        id="HardcodedText"
        message="Hardcoded string &quot;MENU&quot;, should use `@string` resource"
        errorLine1="        android:text=&quot;MENU&quot;"
        errorLine2="        ~~~~~~~~~~~~~~~~~~~">
        <location
            file="src/main/res/layout/fragment_home.xml"
            line="41"
            column="9"/>
    </issue>

    <issue
        id="HardcodedText"
        message="Hardcoded string &quot;Order Placed Successfully&quot;, should use `@string` resource"
        errorLine1="            android:text=&quot;Order Placed Successfully&quot;"
        errorLine2="            ~~~~~~~~~~~~~~~~~~~~~~~~~~~~~~~~~~~~~~~~">
        <location
            file="src/main/res/layout/fragment_order_placed_bottom_sheet.xml"
            line="21"
            column="13"/>
    </issue>

    <issue
        id="HardcodedText"
        message="Hardcoded string &quot;Your order will be ready for pick up in 30 mins&quot;, should use `@string` resource"
        errorLine1="            android:text=&quot;Your order will be ready for pick up in 30 mins&quot;"
        errorLine2="            ~~~~~~~~~~~~~~~~~~~~~~~~~~~~~~~~~~~~~~~~~~~~~~~~~~~~~~~~~~~~~~">
        <location
            file="src/main/res/layout/fragment_order_placed_bottom_sheet.xml"
            line="40"
            column="13"/>
    </issue>

    <issue
        id="HardcodedText"
        message="Hardcoded string &quot;GO HOME&quot;, should use `@string` resource"
        errorLine1="            android:text=&quot;GO HOME&quot;"
        errorLine2="            ~~~~~~~~~~~~~~~~~~~~~~">
        <location
            file="src/main/res/layout/fragment_order_placed_bottom_sheet.xml"
            line="50"
            column="13"/>
    </issue>

    <issue
        id="HardcodedText"
        message="Hardcoded string &quot;Name&quot;, should use `@string` resource"
        errorLine1="            android:text=&quot;Name&quot;"
        errorLine2="            ~~~~~~~~~~~~~~~~~~~">
        <location
            file="src/main/res/layout/fragment_profile.xml"
            line="34"
            column="13"/>
    </issue>

    <issue
        id="HardcodedText"
        message="Hardcoded string &quot;Natasha Machado&quot;, should use `@string` resource"
        errorLine1="            android:text=&quot;Natasha Machado&quot;"
        errorLine2="            ~~~~~~~~~~~~~~~~~~~~~~~~~~~~~~">
        <location
            file="src/main/res/layout/fragment_profile.xml"
            line="49"
            column="13"/>
    </issue>

    <issue
        id="HardcodedText"
        message="Hardcoded string &quot;Address&quot;, should use `@string` resource"
        errorLine1="            android:text=&quot;Address&quot;"
        errorLine2="            ~~~~~~~~~~~~~~~~~~~~~~">
        <location
            file="src/main/res/layout/fragment_profile.xml"
            line="72"
            column="13"/>
    </issue>

    <issue
        id="HardcodedText"
        message="Hardcoded string &quot;277 Corey Rd&quot;, should use `@string` resource"
        errorLine1="            android:text=&quot;277 Corey Rd&quot;"
        errorLine2="            ~~~~~~~~~~~~~~~~~~~~~~~~~~~">
        <location
            file="src/main/res/layout/fragment_profile.xml"
            line="87"
            column="13"/>
    </issue>

    <issue
        id="HardcodedText"
        message="Hardcoded string &quot;Email&quot;, should use `@string` resource"
        errorLine1="            android:text=&quot;Email&quot;"
        errorLine2="            ~~~~~~~~~~~~~~~~~~~~">
        <location
            file="src/main/res/layout/fragment_profile.xml"
            line="110"
            column="13"/>
    </issue>

    <issue
        id="HardcodedText"
        message="Hardcoded string &quot;abc@email.com&quot;, should use `@string` resource"
        errorLine1="            android:text=&quot;abc@email.com&quot;"
        errorLine2="            ~~~~~~~~~~~~~~~~~~~~~~~~~~~~">
        <location
            file="src/main/res/layout/fragment_profile.xml"
            line="125"
            column="13"/>
    </issue>

    <issue
        id="HardcodedText"
        message="Hardcoded string &quot;Phone&quot;, should use `@string` resource"
        errorLine1="            android:text=&quot;Phone&quot;"
        errorLine2="            ~~~~~~~~~~~~~~~~~~~~">
        <location
            file="src/main/res/layout/fragment_profile.xml"
            line="148"
            column="13"/>
    </issue>

    <issue
        id="HardcodedText"
        message="Hardcoded string &quot;123456789&quot;, should use `@string` resource"
        errorLine1="            android:text=&quot;123456789&quot;"
        errorLine2="            ~~~~~~~~~~~~~~~~~~~~~~~~">
        <location
            file="src/main/res/layout/fragment_profile.xml"
            line="163"
            column="13"/>
    </issue>

    <issue
        id="HardcodedText"
        message="Hardcoded string &quot;SAVE INFORMATION&quot;, should use `@string` resource"
        errorLine1="        android:text=&quot;SAVE INFORMATION&quot;"
        errorLine2="        ~~~~~~~~~~~~~~~~~~~~~~~~~~~~~~~">
        <location
            file="src/main/res/layout/fragment_profile.xml"
            line="176"
            column="9"/>
    </issue>

    <issue
        id="HardcodedText"
        message="Hardcoded string &quot;Home&quot;, should use `@string` resource"
        errorLine1="        android:title=&quot;Home&quot;"
        errorLine2="        ~~~~~~~~~~~~~~~~~~~~">
        <location
            file="src/main/res/menu/menu.xml"
            line="6"
            column="9"/>
    </issue>

    <issue
        id="HardcodedText"
        message="Hardcoded string &quot;Cart&quot;, should use `@string` resource"
        errorLine1="        android:title=&quot;Cart&quot;"
        errorLine2="        ~~~~~~~~~~~~~~~~~~~~">
        <location
            file="src/main/res/menu/menu.xml"
            line="10"
            column="9"/>
    </issue>

    <issue
        id="HardcodedText"
        message="Hardcoded string &quot;History&quot;, should use `@string` resource"
        errorLine1="        android:title=&quot;History&quot;"
        errorLine2="        ~~~~~~~~~~~~~~~~~~~~~~~">
        <location
            file="src/main/res/menu/menu.xml"
            line="14"
            column="9"/>
    </issue>

    <issue
        id="HardcodedText"
        message="Hardcoded string &quot;Profile&quot;, should use `@string` resource"
        errorLine1="        android:title=&quot;Profile&quot;"
        errorLine2="        ~~~~~~~~~~~~~~~~~~~~~~~">
        <location
            file="src/main/res/menu/menu.xml"
            line="18"
            column="9"/>
    </issue>

    <issue
        id="HardcodedText"
        message="Hardcoded string &quot;Food Name&quot;, should use `@string` resource"
        errorLine1="                android:text=&quot;Food Name&quot;"
        errorLine2="                ~~~~~~~~~~~~~~~~~~~~~~~~">
        <location
            file="src/main/res/layout/menu_items.xml"
            line="42"
            column="17"/>
    </issue>

    <issue
        id="HardcodedText"
        message="Hardcoded string &quot;$5&quot;, should use `@string` resource"
        errorLine1="                android:text=&quot;$5&quot;"
        errorLine2="                ~~~~~~~~~~~~~~~~~">
        <location
            file="src/main/res/layout/menu_items.xml"
            line="53"
            column="17"/>
    </issue>

    <issue
        id="HardcodedText"
        message="Hardcoded string &quot;Add to Cart&quot;, should use `@string` resource"
        errorLine1="                android:text=&quot;Add to Cart&quot;"
        errorLine2="                ~~~~~~~~~~~~~~~~~~~~~~~~~~">
        <location
            file="src/main/res/layout/menu_items.xml"
            line="69"
            column="17"/>
    </issue>

    <issue
        id="HardcodedText"
        message="Hardcoded string &quot;Food Name&quot;, should use `@string` resource"
        errorLine1="                android:text=&quot;Food Name&quot;"
        errorLine2="                ~~~~~~~~~~~~~~~~~~~~~~~~">
        <location
            file="src/main/res/layout/purchase_history_item.xml"
            line="37"
            column="17"/>
    </issue>

    <issue
        id="HardcodedText"
        message="Hardcoded string &quot;$5&quot;, should use `@string` resource"
        errorLine1="                android:text=&quot;$5&quot;"
        errorLine2="                ~~~~~~~~~~~~~~~~~">
        <location
            file="src/main/res/layout/purchase_history_item.xml"
            line="48"
            column="17"/>
    </issue>

    <issue
        id="HardcodedText"
        message="Hardcoded string &quot;Picked up&quot;, should use `@string` resource"
        errorLine1="                    android:text=&quot;Picked up&quot;"
        errorLine2="                    ~~~~~~~~~~~~~~~~~~~~~~~~">
        <location
            file="src/main/res/layout/purchase_history_item.xml"
            line="71"
            column="21"/>
    </issue>

    <issue
        id="RtlSymmetry"
        message="When you define `paddingLeft` you should probably also define `paddingRight` for right-to-left symmetry"
        errorLine1="        android:paddingLeft=&quot;15dp&quot;"
        errorLine2="        ~~~~~~~~~~~~~~~~~~~">
        <location
            file="src/main/res/layout/activity_login.xml"
            line="99"
            column="9"/>
    </issue>

    <issue
        id="RtlSymmetry"
        message="When you define `paddingLeft` you should probably also define `paddingRight` for right-to-left symmetry"
        errorLine1="            android:paddingLeft=&quot;4dp&quot;"
        errorLine2="            ~~~~~~~~~~~~~~~~~~~">
        <location
            file="src/main/res/layout/activity_pay_out.xml"
            line="46"
            column="13"/>
    </issue>

    <issue
        id="RtlSymmetry"
        message="When you define `paddingLeft` you should probably also define `paddingRight` for right-to-left symmetry"
        errorLine1="            android:paddingLeft=&quot;4dp&quot;"
        errorLine2="            ~~~~~~~~~~~~~~~~~~~">
        <location
            file="src/main/res/layout/activity_pay_out.xml"
            line="80"
            column="13"/>
    </issue>

    <issue
        id="RtlSymmetry"
        message="When you define `paddingLeft` you should probably also define `paddingRight` for right-to-left symmetry"
        errorLine1="                android:paddingLeft=&quot;4dp&quot;"
        errorLine2="                ~~~~~~~~~~~~~~~~~~~">
        <location
            file="src/main/res/layout/activity_pay_out.xml"
            line="114"
            column="17"/>
    </issue>

    <issue
        id="RtlSymmetry"
        message="When you define `paddingLeft` you should probably also define `paddingRight` for right-to-left symmetry"
        errorLine1="            android:paddingLeft=&quot;4dp&quot;"
        errorLine2="            ~~~~~~~~~~~~~~~~~~~">
        <location
            file="src/main/res/layout/activity_pay_out.xml"
            line="148"
            column="13"/>
    </issue>

    <issue
        id="RtlSymmetry"
        message="When you define `paddingRight` you should probably also define `paddingLeft` for right-to-left symmetry"
        errorLine1="            android:paddingRight=&quot;32dp&quot;"
        errorLine2="            ~~~~~~~~~~~~~~~~~~~~">
        <location
            file="src/main/res/layout/activity_pay_out.xml"
            line="156"
            column="13"/>
    </issue>

    <issue
        id="RtlSymmetry"
        message="When you define `paddingLeft` you should probably also define `paddingRight` for right-to-left symmetry"
        errorLine1="            android:paddingLeft=&quot;4dp&quot;"
        errorLine2="            ~~~~~~~~~~~~~~~~~~~">
        <location
            file="src/main/res/layout/activity_pay_out.xml"
            line="186"
            column="13"/>
    </issue>

    <issue
        id="RtlSymmetry"
        message="When you define `paddingLeft` you should probably also define `paddingRight` for right-to-left symmetry"
        errorLine1="        android:paddingLeft=&quot;15dp&quot;"
        errorLine2="        ~~~~~~~~~~~~~~~~~~~">
        <location
            file="src/main/res/layout/activity_signup.xml"
            line="112"
            column="9"/>
    </issue>

    <issue
        id="RtlHardcoded"
        message="Consider replacing `android:drawableLeft` with `android:drawableStart=&quot;@drawable/google&quot;` to better support right-to-left layouts"
        errorLine1="        android:drawableLeft=&quot;@drawable/google&quot;"
        errorLine2="        ~~~~~~~~~~~~~~~~~~~~">
        <location
            file="src/main/res/layout/activity_login.xml"
            line="97"
            column="9"/>
    </issue>

    <issue
        id="RtlHardcoded"
        message="Consider replacing `android:paddingLeft` with `android:paddingStart=&quot;15dp&quot;` to better support right-to-left layouts"
        errorLine1="        android:paddingLeft=&quot;15dp&quot;"
        errorLine2="        ~~~~~~~~~~~~~~~~~~~">
        <location
            file="src/main/res/layout/activity_login.xml"
            line="99"
            column="9"/>
    </issue>

    <issue
        id="RtlHardcoded"
        message="Consider replacing `android:paddingLeft` with `android:paddingStart=&quot;4dp&quot;` to better support right-to-left layouts"
        errorLine1="            android:paddingLeft=&quot;4dp&quot;"
        errorLine2="            ~~~~~~~~~~~~~~~~~~~">
        <location
            file="src/main/res/layout/activity_pay_out.xml"
            line="46"
            column="13"/>
    </issue>

    <issue
        id="RtlHardcoded"
        message="Consider replacing `android:paddingLeft` with `android:paddingStart=&quot;4dp&quot;` to better support right-to-left layouts"
        errorLine1="            android:paddingLeft=&quot;4dp&quot;"
        errorLine2="            ~~~~~~~~~~~~~~~~~~~">
        <location
            file="src/main/res/layout/activity_pay_out.xml"
            line="80"
            column="13"/>
    </issue>

    <issue
        id="RtlHardcoded"
        message="Consider replacing `android:paddingLeft` with `android:paddingStart=&quot;4dp&quot;` to better support right-to-left layouts"
        errorLine1="                android:paddingLeft=&quot;4dp&quot;"
        errorLine2="                ~~~~~~~~~~~~~~~~~~~">
        <location
            file="src/main/res/layout/activity_pay_out.xml"
            line="114"
            column="17"/>
    </issue>

    <issue
        id="RtlHardcoded"
        message="Consider replacing `android:paddingLeft` with `android:paddingStart=&quot;4dp&quot;` to better support right-to-left layouts"
        errorLine1="            android:paddingLeft=&quot;4dp&quot;"
        errorLine2="            ~~~~~~~~~~~~~~~~~~~">
        <location
            file="src/main/res/layout/activity_pay_out.xml"
            line="148"
            column="13"/>
    </issue>

    <issue
        id="RtlHardcoded"
        message="Consider replacing `android:paddingRight` with `android:paddingEnd=&quot;32dp&quot;` to better support right-to-left layouts"
        errorLine1="            android:paddingRight=&quot;32dp&quot;"
        errorLine2="            ~~~~~~~~~~~~~~~~~~~~">
        <location
            file="src/main/res/layout/activity_pay_out.xml"
            line="156"
            column="13"/>
    </issue>

    <issue
        id="RtlHardcoded"
        message="Consider replacing `android:paddingLeft` with `android:paddingStart=&quot;4dp&quot;` to better support right-to-left layouts"
        errorLine1="            android:paddingLeft=&quot;4dp&quot;"
        errorLine2="            ~~~~~~~~~~~~~~~~~~~">
        <location
            file="src/main/res/layout/activity_pay_out.xml"
            line="186"
            column="13"/>
    </issue>

    <issue
        id="RtlHardcoded"
        message="Consider replacing `android:drawableLeft` with `android:drawableStart=&quot;@drawable/google&quot;` to better support right-to-left layouts"
        errorLine1="        android:drawableLeft=&quot;@drawable/google&quot;"
        errorLine2="        ~~~~~~~~~~~~~~~~~~~~">
        <location
            file="src/main/res/layout/activity_signup.xml"
            line="110"
            column="9"/>
    </issue>

    <issue
        id="RtlHardcoded"
        message="Consider replacing `android:paddingLeft` with `android:paddingStart=&quot;15dp&quot;` to better support right-to-left layouts"
        errorLine1="        android:paddingLeft=&quot;15dp&quot;"
        errorLine2="        ~~~~~~~~~~~~~~~~~~~">
        <location
            file="src/main/res/layout/activity_signup.xml"
            line="112"
            column="9"/>
    </issue>

    <issue
        id="RtlHardcoded"
        message="Consider replacing `android:layout_marginLeft` with `android:layout_marginStart=&quot;8dp&quot;` to better support right-to-left layouts"
        errorLine1="            android:layout_marginLeft=&quot;8dp&quot;"
        errorLine2="            ~~~~~~~~~~~~~~~~~~~~~~~~~">
        <location
            file="src/main/res/layout/fragment_profile.xml"
            line="31"
            column="13"/>
    </issue>

    <issue
        id="RtlHardcoded"
        message="Consider replacing `android:layout_marginLeft` with `android:layout_marginStart=&quot;8dp&quot;` to better support right-to-left layouts"
        errorLine1="            android:layout_marginLeft=&quot;8dp&quot;"
        errorLine2="            ~~~~~~~~~~~~~~~~~~~~~~~~~">
        <location
            file="src/main/res/layout/fragment_profile.xml"
            line="69"
            column="13"/>
    </issue>

    <issue
        id="RtlHardcoded"
        message="Consider replacing `android:layout_marginLeft` with `android:layout_marginStart=&quot;8dp&quot;` to better support right-to-left layouts"
        errorLine1="            android:layout_marginLeft=&quot;8dp&quot;"
        errorLine2="            ~~~~~~~~~~~~~~~~~~~~~~~~~">
        <location
            file="src/main/res/layout/fragment_profile.xml"
            line="107"
            column="13"/>
    </issue>

    <issue
        id="RtlHardcoded"
        message="Consider replacing `android:layout_marginLeft` with `android:layout_marginStart=&quot;8dp&quot;` to better support right-to-left layouts"
        errorLine1="            android:layout_marginLeft=&quot;8dp&quot;"
        errorLine2="            ~~~~~~~~~~~~~~~~~~~~~~~~~">
        <location
            file="src/main/res/layout/fragment_profile.xml"
            line="145"
            column="13"/>
    </issue>

</issues>
